{"version":2,"hash":{"type":"Buffer","data":"4I6nzt8MAQrhhqPLaHZS4uIKeZiukzVVdHoTiaUDa9xpWr523GtsImSJEGYJbaIcbKLNUntZfIxiKh0BpYUR8b5NY3CZ8gaa0RHi7W7L+Q2z7hHeyuCzBNO1Cg6uEMDK2fvKiXBPr8uEoTUxkdy0sQuL0DEcF/g2o2n7WoH97A8="},"indexValueMap":{"BwiYVd3y6OVxG43YwfJPPh5XLgU7VvTxmNn4feZr0Yo=":{"valueMac":{"type":"Buffer","data":"3uEjl1U2S0W/sNCLY9mzjX9IeMAhFE4r14MyvZFAdyo="}},"5MAk7/aMx6t2e6Hxq7Dbnpql2t6p30HTTT5rWbu6as8=":{"valueMac":{"type":"Buffer","data":"cb3SBLLpyZz7shE5rcDJ1zuZ5U+P72lHFeeZ6qOx0Xs="}},"q+/Wz41cNnGokAeIJXlsI0uLXu67NIbRDwnyBZqeZgs=":{"valueMac":{"type":"Buffer","data":"CSmFE5A850U96Oyv3+int/gc4T5Kh5kFfZWhxapEqwI="}},"T8Tlon0Tx4I+P6vaWEj+zhbsvXTIqLTCOCT3o4Q+rxM=":{"valueMac":{"type":"Buffer","data":"T6J2T+KdQTh5Ik50z/c5iTChHHXUOn554KQBvKTEsx0="}},"TxUJSQppA+vFklab7jJAZ1v0uuWkjV1eVZjlT+3yz68=":{"valueMac":{"type":"Buffer","data":"Ag1GN926yZTdIj5vHGLLvbrRQpvG62sMowf3e6MgKiU="}},"Xoq7FprA0efIJJytmaUizkdbgO8og5mtPmtslE7DMyY=":{"valueMac":{"type":"Buffer","data":"Kl9NsmwLC4ODOdZRLnTkzF+oF7V9FV+sBeBaNYI72h0="}},"Edl0pA+G8ydhaqxbxqvNhqIdIui3VGstq0ig7B6JR5c=":{"valueMac":{"type":"Buffer","data":"XoWYGi2Bxw0f0bJ7AIKAe8OM18i9O1UxvE8jRBhlBV8="}},"Y6wPtCJ+tAb9mRboV6C0gwbuuag7LGFUrnue51Zdeg0=":{"valueMac":{"type":"Buffer","data":"wxJcwWAdRwPqYahuPFXAycN+JwFBNmLPVlGa7G9IIsg="}},"lyRopZ1bO3tP3HCanulDIcAkzdGAbnGd2O0hRVmhxfc=":{"valueMac":{"type":"Buffer","data":"cDLTsTqhE4vPFL3+aVCGymCpBl5uSw/JIF3khx6lnF8="}},"1Q+G4GyYrAMmjbXuQY2PdbYsJkEsBmRqbzsPsFkpsmM=":{"valueMac":{"type":"Buffer","data":"WwHOo+U4o2GFRHDXoUOyywGIcks03sQDSAVdMw65vsY="}},"VqAMz0Vk6BHwHisIZksv10q25W4s69NnV0LE8FMw3yE=":{"valueMac":{"type":"Buffer","data":"lVJTdw6oNhbUXc+TtyeLB1Ob2+fn8D5/EAUUo+yUtAE="}},"25aI+XLuWzYqtpzCw5K+9+Ytn+YX3g+uLMQViSX6wPc=":{"valueMac":{"type":"Buffer","data":"P4VvuFMoNQ3KVJZO1JpI5N4o/tkVSsN88PRoBfmy8Jk="}},"1JWSz+o0aEt7G36Sfnqf6C18dAqONnJcLphBJbJZXvQ=":{"valueMac":{"type":"Buffer","data":"yallRj67CwJfw1lvOqvtpvJV4lhVdjsgjnySaD0hUOg="}},"HWQ3DKhvTHVUsAaSNSZNG2X2WhUfNSLDiOwb38wJVt4=":{"valueMac":{"type":"Buffer","data":"WVC1hjTeqXoAWyEpggXXFZVJgOvFnXtUe3+imhcUojA="}},"nXXj6R6jIA4LwFBMhPiOdqHY1X5NgZxPWuBRWhvd1EA=":{"valueMac":{"type":"Buffer","data":"zuIofpsxfmgp8hOf/n2If5DNIvX7kJG5KuEC0egFlLo="}},"ZTBBZKizsdw1AxqLal8PASKxLI5ZKjcBwbG+Khc43Wk=":{"valueMac":{"type":"Buffer","data":"YrxjrZCjjJn4xgaWQhidx9HmRjHT+Vbog8OIgSTiTDg="}},"q/Yc/H7k+ZpyqBIT/j7Y4g4klexV03sx6L7D2Xrc8eo=":{"valueMac":{"type":"Buffer","data":"1GH31MjBuJ0PPAOEAJJdF2JXbpWK5DCYfYxiKT/DDes="}},"/OA18ZOoP1IdG6ZZUKlMGPkxghmTQDSusSAbeVB5pUQ=":{"valueMac":{"type":"Buffer","data":"O7HFYM0nht52vNQeEPDC/+W/XhdVfrowtBcK3WTCsAk="}},"ygIGTn4FtKFf/rOr2O5TRqbajT56GvH9/Wwgoqh7y+g=":{"valueMac":{"type":"Buffer","data":"bc6iyF2qS0aCKrgsH7ubzrVrjw3O+bMPhzBzk3oh2S0="}},"lHPZ53V5rwZNJHEjSVCJTBz6uxQ38fM7N/ms8N7N1ZM=":{"valueMac":{"type":"Buffer","data":"7uoES5wgkYSxK/UHLxXB9gKZImBkU/l1LktwVfp47lQ="}},"7jf4YZ4V3OZGs4Szf+pq6CVnNss1YIhV2oq4hKmvF/k=":{"valueMac":{"type":"Buffer","data":"KcopLCJwew4s3Nv0dww5ckbWE8oqVOfSkS4PZbXzL5s="}},"QNrkSRHygcbsPCSfozdqCYwePqBZzh8KTFD7Zx4c8oI=":{"valueMac":{"type":"Buffer","data":"B3kbpdlYyu+dQaEWSY+FguSYfj/bzWL9jJxhcI3oLw8="}},"QJNbWX+xdp1q3VrDFVux50Bm4dwfmCFiUccUZgjmKUI=":{"valueMac":{"type":"Buffer","data":"bWIhghkBX15cI6On1MlrdxMm8HJXosTq/vm9AVTsIy8="}},"/FIK4U3X6MmAxfB9dUfr5Wzyw52A9Vpl117KiY64mNQ=":{"valueMac":{"type":"Buffer","data":"DlIwGme81vHrtF8/8oUcFOdEf6ztTgqghwoqHDzWBn0="}},"KeqKMXmotyuZTCO4IRpTd6T1sIe4St3ihQiMF8Bi+DE=":{"valueMac":{"type":"Buffer","data":"CtW1tKpzZMiqsJfyESqIHEGIobSQ7fMiUOpjWo5BZOM="}},"LWBhDG5VDgfeGQ6bc/A8/UsACMReP1iwCWB1noqNq9k=":{"valueMac":{"type":"Buffer","data":"PagNt58xEGNrdaOZrj8nsLH9XCQ1zb/n0L8Ge5ziJI8="}},"Jzs35WD/kWeNpAjAgZlYEfsOV6u/EjasALd2WNl6TTE=":{"valueMac":{"type":"Buffer","data":"eoetzdXYSDppU+oxVPAemvZkZgo7HoZk3XedZOvZ/dA="}},"av8aVArORz4B6J6S9uncMaYaVXUfnro/eq+YstBIU9Q=":{"valueMac":{"type":"Buffer","data":"ILxYesx9zS6se8Iwi6hjb3QKhGz4F8dX/3nqCwZSrRI="}},"I5NSWPDo5+Yka75l+ba77YI7jz+LKpde4hhSpZGIvhI=":{"valueMac":{"type":"Buffer","data":"RqdDs7fUnrjfIdaQVZJXaGz4hdt9W4qb3ajwZ1xfvUs="}},"qSmXjcvP0MZcMEzBMPQ+3V20vii/t1BeFHEV8DpmdCE=":{"valueMac":{"type":"Buffer","data":"NGA0VS/wsnXUeUf+NZsg+RePfyH9pGVTd41syQrX5t4="}},"SBtaUY8kOWBBkZ9TfLlohdRA0zwKMT9w6oou6VhF45k=":{"valueMac":{"type":"Buffer","data":"egGtCYJzxKHJC0ZzfUsYVRmt8kejub1xfleJR+j4SdM="}},"jUoPVUXx5RVfmugWQEr0Hx/7NVbKmfEHu4K7Zgzcaw4=":{"valueMac":{"type":"Buffer","data":"YUGuJxITPdXTlHBAsmxdl6DoZGkjRS8yzWGi5/LWNuw="}},"gFzNp8j6MdP7pMQpKDUo0rwJFHdoNmv/C8EWaSj4VVg=":{"valueMac":{"type":"Buffer","data":"IJ7xUQFvXmWvz4+XyPY8a3c+svGoomhjguh9fuCbySQ="}},"mEr/8PiN+Uv1d3tQY7b/zlKjYn9bE3I2C55v+sXZ98o=":{"valueMac":{"type":"Buffer","data":"D8Ou/Hzi3zEvIGWVSjvlhZXuaV3m0KYsCotG9nzFbwk="}},"ImBkh4Ju+0/rvy6D97xWxvyz4n/Cy3Acyyo3/1x51oo=":{"valueMac":{"type":"Buffer","data":"cF8ROwv5EwYtfYFWHJzYmNu5d0VJcZLHUHx/xhcMVeQ="}},"HF0TfidAK+1MiISUk0uIFvuzQV8Ka8LjBz2neNtVWNs=":{"valueMac":{"type":"Buffer","data":"a4P3V24frb9EbLEQTtmoydlyfKLDPahPF36jPMsQFYU="}},"U3fpcjYDtXem5m44b5WW2RqeiHu7Jd80DST88gGCSk0=":{"valueMac":{"type":"Buffer","data":"qLZnu/eFtkA9FzDD5/H48H8h6X3GEDZlfvuug1VcSZM="}},"9BmRn+8sJeBGqghGy+EVxtIlmh8LSHG1excCmpsl+/Y=":{"valueMac":{"type":"Buffer","data":"o9WkcVUcze1ZqGmwCcOL87qRo0qbEknXa+neefznCjY="}},"KjrEFzi27KjsPPLpTiZa3MGwrdkfT57fnvW7OGa1T2Y=":{"valueMac":{"type":"Buffer","data":"I/KYZm4+ACYQWDu7AokVXcE49z9gUa2r55Z1Sqx4AEE="}},"UkwXMc5v3ihdMUHHKYhVpgOafx/SRnlgw2GL/c2xq3o=":{"valueMac":{"type":"Buffer","data":"wnwAwpeqc/JNBXfdHtZlJBdTxrtPUc9OH9PaoHWMfyg="}},"c9KAZS5TDcUETwgxqDCyxDVWKhoz9zB9/hwAwdSwMkE=":{"valueMac":{"type":"Buffer","data":"ZgSa4BuNScFbArf3GbVYFuWLb+u8bRvaQbSg4LZ2AVk="}},"/Td0pzqoe3BYy/qLEcWuEeSqcffzIdvovuddHLDG9Cs=":{"valueMac":{"type":"Buffer","data":"6XIjChk5zLhnfpTrWAGGd8zqjMqCVFOVq1laGW1FEqs="}},"00ql9umPfIGDBblp400UKukbxERzo9OLiSy/xNmczxY=":{"valueMac":{"type":"Buffer","data":"hTX3cc23aEIVgD3rafvCM1IhNG5Rbkl61hkXOHwDYSY="}},"FP+TXVnyeIcKPTgnXykl9jIR1HSZo1POW7/NmZC7j/I=":{"valueMac":{"type":"Buffer","data":"gBb7dGwRy6tCk8BGS9jl8tzSTmcXSbiLuOA4OPqP4mk="}},"61aILGerH1CeMWS0+NTo/evJEyDCk+hZJHEDFzngI6E=":{"valueMac":{"type":"Buffer","data":"0ft/otkeIfGO9m0TByBrS1QDxpV4d12K71a9GVEVw6k="}},"2szLFXUwUHhvnlzSYbSFQq5OdVKl8Nok62pdWcBIcLw=":{"valueMac":{"type":"Buffer","data":"1zxhTW9p380AZnaFopTdGBRixF0GwBU9z1oznn85QCU="}},"fxoSzzOC42ULT84djLON+eVHaoK2iaGbkJhUOV+/LGQ=":{"valueMac":{"type":"Buffer","data":"3CwhGBhgQ+Mu78HzSxAXIcDuj55Pkub/frk99WW+Fvk="}},"/zXMQnDLJzbwf0chonu2rRNhjE81xA+brWzpVs4l4qI=":{"valueMac":{"type":"Buffer","data":"MBuMt4F5+JRpnza8NEt7omRV2K9J1/ovQqV/FVol2UY="}},"4VbOnsMTfEN4AD5Hs7NaA5kfoAtdvWlz0/8CPQgEJdI=":{"valueMac":{"type":"Buffer","data":"euqYrzWqDaeona/dMTYXNMq7z+rvwwlPOcUR6R9pKrc="}},"kjL4tE4aVZ4XmcFnwC9BWHocQ40n3Xz4TVoPp2YQAL4=":{"valueMac":{"type":"Buffer","data":"4zEaeSOlnrHQd9QJRekLb98FVgV+D1cBL0LyLCO6QO8="}},"dYZRS3VxhDSq1XfvNZmSN1OayFlJIQTlhO7GscYw7Xo=":{"valueMac":{"type":"Buffer","data":"aH+ZMlCjDmsXgVGc2tjhOFsSZSUZySF70CMHxzc6zFc="}},"UxS8tYjCc2O8Q0icL7URs8trGB7jkeC1gNANt0CjhuU=":{"valueMac":{"type":"Buffer","data":"FO6fz19jLNbHjW8TvA06xKQtkw4VlQUcyYunitokdlE="}},"y0roUCv+fphmhYP3EY54GupzipkwwzaGnRmVjJ7AZYM=":{"valueMac":{"type":"Buffer","data":"FUIMdVjQsnJjZGn80m4C0RQi0J/0B1rdcZowHuC5iDw="}},"kjTAQLZGQZnyoFEaAghFOQpp5EJ1gXnITeYoWem0XdM=":{"valueMac":{"type":"Buffer","data":"qwNKXGcsqRmiETfFRu0rwuBxVlvvKBnlvZm1JXMB0NY="}},"yHVu298g/QW8Qi3p8JP4ucpIBS/qtUutSGWCIH+QUo8=":{"valueMac":{"type":"Buffer","data":"oH9pODqtDdh4mSXlTDJYYc+iR50A6Sh1kLU4vyDP07M="}},"bZqtScQZXqVz6b/ICwE1/PMb5qKQEnDvdJwfT+gnuYU=":{"valueMac":{"type":"Buffer","data":"9QAtc15oVRWPwTNdrpQ2Y1F9iuPfK2fz4Af/dSfgaGQ="}},"2oJ2bQfQTDRw/AXDddD6YcM6aCD77p5NgICb7VOaI/w=":{"valueMac":{"type":"Buffer","data":"nRz60tmIrk+E/FXoCI0ThHHJAKp6gUDdhlTGWuaToPA="}},"y+BBSMYKPEihfeIargicGfVdJAUDO8IQs0sEIHs5DwY=":{"valueMac":{"type":"Buffer","data":"AvEd84WKYGniE1LOWqM+jOhAItY68cUCqAsXWhagKC8="}},"qkHmVGTuZpgdYpnF5gS/amslDQioRsasKTePsRiPm7s=":{"valueMac":{"type":"Buffer","data":"qAnWwwI1aEJtgDVzotfZUUIAXLmwp7+jbwJI48q5Nag="}},"YhWri7sHlbpRXNNQPMpcqZHwO+bFzNk8AO7MYtxfMD0=":{"valueMac":{"type":"Buffer","data":"9rd3lgVCaieSUHIEdAOjPI1Up+mBestJ9b11I0V2/6I="}},"rQQPsq6yjisdprQ+Fr1aLdyq7nZc/voXl4y4b9s/5Y4=":{"valueMac":{"type":"Buffer","data":"I1wgZwNMXThroZmaL5IxUcYYc1KuRb9VArEunwBk19w="}},"UkJvjavy+QRf7Nc8dE92odzr8+Odh/p4Gvni+xPULlQ=":{"valueMac":{"type":"Buffer","data":"qAt7ISdj9QTPR/RfaR5LOBKAanE9U+v4hRJ5I4APSe8="}},"lhLl5jgkG4H7x3gZdcQtpIMf1mJ2n3VTzZfoeTMHrBY=":{"valueMac":{"type":"Buffer","data":"bwdR4NChIloXG8c6LhJ5XgKiYLZqmeDz4AVm11d2+vw="}},"XYO474YWpQ+OilJiR/XLI0z5T4VOhXr8734c1BhXJQs=":{"valueMac":{"type":"Buffer","data":"mzHREjcpsJlqm514AkXhwzLAnVUf7rHHYx9vEmeQeOI="}},"1DhiWnHtkp5uL3F5f7EGOzlDF7OuqETnnClVK0ZijVI=":{"valueMac":{"type":"Buffer","data":"tc3z4T7wVg8VXJ8tOaSsKkwzQLaT1Pg17ZYcq6lQS/Q="}},"G039IrTUQL2U92iFvdDKmjX+Qw51R390fjKfZxJopRk=":{"valueMac":{"type":"Buffer","data":"s9axF0Nf+kNn/ndpUH3sW1HaGpb71TNM5ayeh0YF+Uc="}},"ru1rDz4mAsDbcAYY8D6A1VurlnoFcw6ujdNrs+QCFQ0=":{"valueMac":{"type":"Buffer","data":"UHQmageVPr8mt8uhA/ZKehJNa6it8Sw2Y5CIQK8A9OY="}},"7XxKZF9BAcEouo4pFVeekanmElnO/4wT5hqtGFAwQ/4=":{"valueMac":{"type":"Buffer","data":"Gd+lyz2/Cb/uAp1Nk958AkCW3uPDKNKOvtLCz2k7AbU="}},"jwpkymDtUOjtO3YhkOMIi1TsgGflrcZgWEQD+txEjGU=":{"valueMac":{"type":"Buffer","data":"SVnUOUs+7kMI/zzMg3eVHRlV2xdUzTJ4lEdU2EF/QpY="}},"kHzB845OCRiDRJfn2z27JuclRSItJFNOgQKMM+W2s74=":{"valueMac":{"type":"Buffer","data":"6g1pxXy/PC0FBc2S0pR9KpwXXBNHQXDdwPkLhtAMzZM="}},"qQypELb+qHfN1K9yxVdhDo0V8HQEJFKMunogdi9VLl0=":{"valueMac":{"type":"Buffer","data":"46ASIRxTD4E9JMj0E52W5GTRxMYBWk5V2d8rU1+pS84="}},"dtxT0kzFEET2up267t5XVPyC/5aHhgWnY/0QM18DrVA=":{"valueMac":{"type":"Buffer","data":"J9HMXtE20UsXnl3hZF6aVyG19TvVqWdB1LNAed+br+Y="}},"2OQjxXk2MSS4CFuSaCG7gClS4fpP7Q+MncnGBrJsBjc=":{"valueMac":{"type":"Buffer","data":"ufCeBIAvsQiYwYhdPWAYvl58dJuvfdOJDgq8XCZZogE="}},"oQbSWznMb75Sin3LDJicqjt5guo3+AjJ+J2ay5BLN9o=":{"valueMac":{"type":"Buffer","data":"kF7YdOpwaA0zDUk5MSdsiL/wV65i3QShKd9dLEzgD70="}},"Kbm4fc580FYbw50nNJ7HCJEPRBnOAXXSkcerOqMsJbQ=":{"valueMac":{"type":"Buffer","data":"8Om/fHmbBBr9aKe/1JcYuo04cOg1JMR6gNG07VtbqOQ="}},"cCi2lIfmYxCl2M+k0cMBgjd7z8rOdsSPZtJWs7I50jA=":{"valueMac":{"type":"Buffer","data":"g72LdtJF6sLA4o7/W7yh6J9RXIZhUSk4nvSgRkQGyYc="}},"jSeuVddJHBNW5xtxks22aFTHuEyWv1fpyVpg7c6dFW0=":{"valueMac":{"type":"Buffer","data":"kck6Lq9NiMkZH0Il8gZmstos6pMt/KYcWTEAtv9YrMQ="}},"Un+/aMdP2NzN/YamLR2xebBx74wTKuAUvY131ik2z88=":{"valueMac":{"type":"Buffer","data":"KeGXFEgrosb5Vu/SbuYflaq0XCmuPGxzEgi8MUP9OPE="}},"HC1zwxYf9JMLftLUPrYkiQASx9ExleVjofVHJkTRWmo=":{"valueMac":{"type":"Buffer","data":"qAoJ0coYUA6/Z/DS75M/m1gXYRrud97OYoiFA6XxiRo="}},"gjfbsPIOZ2e4ZN7dhFfUek+nnNdDKCVMQFypwH6S0RI=":{"valueMac":{"type":"Buffer","data":"t638l0HiF4EUF9PY8pbtjCJ55HIqSGzOrW2SkIyrJjY="}},"Kfi7ofi2A2w/dm2wwBNrB3pK+tclB7ADzlYvwfLEglI=":{"valueMac":{"type":"Buffer","data":"IU0rdOc/YEhjPjrWx/iyCRcxznZriqKHiuoHu+auTPM="}},"bow0tYfwiMHtZpj4s/cUHRQG5JGmq5cjxWkL+IaBzP8=":{"valueMac":{"type":"Buffer","data":"KjK9QvrMTTfTshGvZ8PJY3RSDMIePRfrO6sm+0So4Nw="}},"tqA9kAbLsJup6OQMEPxDHsSe3NIbvZ1XWd8wdezFVuc=":{"valueMac":{"type":"Buffer","data":"jQPhb/eSHg4JIKQ/6TOvmROJCV09BvhbtfEiKbZygiE="}},"q3cEPqfNngAx7ojskN4p+7UxG9Xd4ztB3b13WIrVkrM=":{"valueMac":{"type":"Buffer","data":"xVvLiGq8bROhKsbib46QR9o7N+yTHgrBCpl9H9Zea3I="}},"EbU6RDlP/w0dUo5aFLCl4/IZaDU7wK3puQj20EV6ZBk=":{"valueMac":{"type":"Buffer","data":"BnkivdvO4ENNoZXdS+97PNqLNU/w7QvfqcCEzI1fMLs="}},"CeD2sU8P6MUoCwMNVwAUQvHYKFN0An8aECaKBhTFIuk=":{"valueMac":{"type":"Buffer","data":"9XBwK0J2lAtbxKQNd41aYAfNyzBQ/SbJ3klxBoNJb5k="}},"8hok4F9XKRWe+hwCzw6NPAvHSfq7NgyBnaS9syt8zS4=":{"valueMac":{"type":"Buffer","data":"1vLm2vU5HNDRVvtSM293q7znXAR3H1G9Jgcq1M2bTls="}},"z/Qb5z5mGSl88TUHZXP9lzneHk+RlmGFrm+pXfxHy9Q=":{"valueMac":{"type":"Buffer","data":"AYdFVh7bEEv+0uZWIzmE9BbI2DCe9R28jC2ge99Hpxs="}},"LSn4hlHl41vhwQScvEHuJxERlstGPENxM7I7AP1wPgo=":{"valueMac":{"type":"Buffer","data":"qoqU1Uk3ITY0XUu96aHpPvw4f9WSeZTqiJ1Wkdh/jl8="}},"ycxr+btZNnuhPsA5lfNK3JEkTiiyxnFCVpQCVCCN8Mo=":{"valueMac":{"type":"Buffer","data":"1zSEusGEXZjPpYj22FtH3MiRhieUaIRwFR/NbI67exs="}},"xNkY5NZUI/i+uijsdtOsSXHgC576172soKM5PBCAbKM=":{"valueMac":{"type":"Buffer","data":"ygMkvtzxlYVC8QMO4i2SpbtodJb/rk4/HSslg7LCy5E="}},"1RgXzKR84TzOhLxQZl5EqfTTKfoUZkZJF77IfAj5XGY=":{"valueMac":{"type":"Buffer","data":"YN6035L1j/Nb0Vglinv8qk4OXAEdgtjQ4T6KO2ZgeHk="}},"g9ekjfZZK4Uk1Thlws+A4n3NQmmOEfxb0uu3X4UKRxU=":{"valueMac":{"type":"Buffer","data":"dVnR+Yv+jU1iVFWal4VYSEg9o0kItMVDpxSIWND+Auw="}},"4X+v8w9UmHboOu49LoO9pBZzk+sCWTOBjQMl03LMSuM=":{"valueMac":{"type":"Buffer","data":"3BPhKEnXaT7d0qgJWikHCg/uI528ERf0AoqIIyyQwNg="}},"xc6E26q+u7/dRpAGDToyepis7VeSqSaK/Nf9FQcz3eY=":{"valueMac":{"type":"Buffer","data":"e7EJBiXIkWoo1SsSNACUdWD7TMVFI1OHI5t7gSkHDDU="}},"0PbXzNqxaym94eXqFkpGVc2pGMflAOePRGhhjwV+HAs=":{"valueMac":{"type":"Buffer","data":"s6ECJvTvj6yBGgLlYUr6z2Bvqkg3m7hL8W5JxoI7vFo="}},"r1skBxTV8tNB3xQDKFu9Z3+KC0AkJiSn1/xUMuZtUOE=":{"valueMac":{"type":"Buffer","data":"lfXNplJkre3PtcTLQhLLIv6oAiAsvtbqw/YJHx9cxu0="}}}}