{"version":1,"hash":{"type":"Buffer","data":"O0/DExbKHJZZB8eujnYG76qrPZv4QYQM+7PVAQdnNupXK50dm9h57QHzoALpRbUkHUomQh9NFLH6XFi8Hv6AObzQUlKflIzvUauggcvqgWrgxqcCGf7sAVuyoJyA/1uZbMUHrkeZapwlutxHrTUJeJgXfPed7BhIoPTNNGzMMPo="},"indexValueMap":{"G0hY/xpBRXUo+R7UTdQN0ehPjsLrhbQzIjmUASs3x3Q=":{"valueMac":{"type":"Buffer","data":"rphUBQTnT07jtFc3PMkhSqH7M/ucf4gG62wZ2lf0qrQ="}},"3D5bBTzVDPXShumU9m4JEsS5JD+CaEv9CeK0EHP5sOI=":{"valueMac":{"type":"Buffer","data":"Z4TScGw4w3hH7Us6W/noZPXi16BKdQrV1VOmDOZPEK0="}},"J610c03EbXBU2rCIh4FvetNzyV9gBUAAub/nFb2elhM=":{"valueMac":{"type":"Buffer","data":"AQ6DC1CZcZ5zxdXFdXK6J7MRJvV4b7zUTyJonuPAV7o="}},"aoQifd9Ld6FOq1PBaHNKIxAYxRCoYkBIDCmtdVx4hgs=":{"valueMac":{"type":"Buffer","data":"Q6pBovTQPb2ZoCICTM5+vx+nxoqqkf0ebJSuuOI9Ccc="}},"DSYt8Z4a4hZSZ6Yy4fhb1kO8goQplZPIn0xeBuXR2zE=":{"valueMac":{"type":"Buffer","data":"h+J5O9vNsUTkk9w83q6jlHZyt4+Ymn+GrVK1uIQUPOg="}},"DsDOxDoa/UrNEFFAjxQFcoVFaipH+nAPPB6xOa6GPMc=":{"valueMac":{"type":"Buffer","data":"p1dBBSs/1dufZW7EM9YohSzKHEqxayx6akunq7vzH4Y="}},"G37AkzeerLDaAVtXpZUJf//v4L4DCqL4u3lryu4Xle8=":{"valueMac":{"type":"Buffer","data":"kdZgBZ04gC/JCl95nZlxy6ITFhQtqd8xeRTdsPymmpc="}},"PEFvw7runRvIa0N2BY1Jy+1PKdbaE4zbGteMSUW42YM=":{"valueMac":{"type":"Buffer","data":"wVYpKuMBAX1WON49qGOBlfIU5UfNTQFG4k7jZ3H/KDg="}},"RxdYB8xDKtYA0dhj8ogI51qsTc6lQ8R00407IP+0txI=":{"valueMac":{"type":"Buffer","data":"vq25D9ke0DWCLUvhvzxlXgH+c6gXe7pFhbGQEAzoh+4="}},"jz3THVZhDjdrFwdBKxFsnqDek/A/4YgKIKhJoCEo48Y=":{"valueMac":{"type":"Buffer","data":"5ilQyNPA981oBXSeHEhod6CO4Zwu1YvagevHtS1OGM4="}},"z0nbEULMRL8dUGaN0WsZY63XggS9FtJ/ZfY4O/XEkIQ=":{"valueMac":{"type":"Buffer","data":"Dd7SFr+JQyNDyisZcb1lLIyxR/YqiV1sonpKyUCUBfw="}},"1h9eVEZERWU81F9IcUX1/qUU4V+eLS3d5ANeDN+SuP0=":{"valueMac":{"type":"Buffer","data":"79XqWKFTR+dnFg8ABfaFoiInoLPh3jaO48NhZcLz0EU="}},"JoVOIaIiXnBwkXjeALjox1HzQzcRh4Zfz4VBBpj0U/0=":{"valueMac":{"type":"Buffer","data":"XS4lTeOueNEFT6xKXCdDe8lqo7RlmGDdJK8KK1aGBxc="}},"pTkgrXtod+hJ3E4MMmx4BRDCTRK3/N5QwX2dHp9SUQQ=":{"valueMac":{"type":"Buffer","data":"R0bZzPzoi3FUe5TZb+5XPU3JLPrizJoPLc+9mYo4dcU="}},"bTIp3j0R5b2fA5KBFyZ+0rEhPXhhwf1Kbs5V7XVdYLw=":{"valueMac":{"type":"Buffer","data":"SIbZXztjQ5Ku2utbRY+Xby5AzrF9uI/EWhAWPShM2hE="}},"2t8yzuZbDlIZnf7iB6IRhD63KAZcJVpTwEj1wEyHGLw=":{"valueMac":{"type":"Buffer","data":"/IBE9wqo9ooMUhL4hb0tqOef/CDwNbqFCSpZmrMx+dU="}},"XYJmv/4c6wMh3u//U7XyApqjnwU2eVc4VY33ywI9Sdc=":{"valueMac":{"type":"Buffer","data":"tv/jY8yDeMfUY+AMzw7PJgYfNWyzSnpfn8h5p37Papw="}},"aUUE8tuKRCGdjvo9fCixBE/duSlnofIgYlKYeEBSCn8=":{"valueMac":{"type":"Buffer","data":"r8O4KN56Wymy/BG/YgJbRBPpfMEqAMlTsKsS9f09yZI="}},"c7A1Sxy6zymtg88cY2V4TfXCJJQ8nySiIDfte268x3o=":{"valueMac":{"type":"Buffer","data":"IRyLOSUw6Tq6nXEswe579NDJe53c74onbhhLI6tPGxU="}},"Y0+DHIMu+36cVWWEh448X0N80+AR6jQDhpSnyo4seKE=":{"valueMac":{"type":"Buffer","data":"hIZm6M0oYhx/hN7eu35zVcUnEM5OHeWy7tjiRvz91P4="}},"yWQY6AAVtrwy1cBcSz/tc8+MsNYsxYt2i9hffIGRzJw=":{"valueMac":{"type":"Buffer","data":"aRR8ojbH7mEfLaETMaVuNm4aRs7f3JLFVm7fqpSh2Dg="}},"VoFnumzge5xbUBClcDvPFbvWj5L7RBF4mybnZWhA5kw=":{"valueMac":{"type":"Buffer","data":"Mw8AqkD+HL/f3/R+Es7sXWV5v2f74Snmh58DhP1uuTY="}},"sMYI28CP/Yarb5RSRwdKOhqhMIbm82/Dl4NLv84wx/0=":{"valueMac":{"type":"Buffer","data":"ozBYwnupz9wSTYv6Js95yuHsWcjyszmNlg+mzwlEd8I="}}}}