{"version":1,"hash":{"type":"Buffer","data":"OjYyT2WlwioITP8behNCWq+dDBbxjDk96XPeQ09TIKVHYS6eVWeOfBX/2JGZVjOl96SGhNvKk6rw0ZGLJ1UPkQzaCjctdrZ+Au0jwdXhDTAyiQkPyGc9pQtl3dXyWj9TneaLQJpTwxmYvODdLmf+Z26mhFDLp1FbdsW5h29hep0="},"indexValueMap":{"EXLJKts7DDgWWM2O2D04jxNjbr4l4O+XQz893oX8Nz8=":{"valueMac":{"type":"Buffer","data":"DNSHF9S+2GS5TlfX9mrm4k+7iwbFwZ8t1cbuowc61qo="}},"KMUXoKeg5wE/JW0A14zvWGQ4ayW5rTAetXvb8ie5Tog=":{"valueMac":{"type":"Buffer","data":"if0EUsgVBM3niXzYwEm511Kh5XBgz/fLQRA0A2yDoQk="}},"FTaOiGLVnPJqjPSlw4gZrFjPO1qD0U7siGbg2GG5F8M=":{"valueMac":{"type":"Buffer","data":"6YIS75gzAJ1COy/EJTdOWTKrqr/9vt91aDS7ThGqO8k="}},"RKltOpAZChpdOnM+5jcngxxbzDaFv2UVGWmU6BL8FzY=":{"valueMac":{"type":"Buffer","data":"5igXCYPv5CIu3Wt+qDJXxC84kJriTTZb/xeNLrTVhhc="}},"WFaX148WiLgjlvMCknwo+4ZES1cfE56nd/XACYoOxBA=":{"valueMac":{"type":"Buffer","data":"5T5NaZ/VpMy/cIGNNdemhp+VZu68uuRroOn3rKk4dXs="}},"jRo/TfpYf0Ul/yCxQjgg3I7ClCs47BzIR9957L2e+y0=":{"valueMac":{"type":"Buffer","data":"XSVNtxnr2uSmHhRlS9pK8hyQgnBsZBwbsxWbQGGB8Vw="}},"IGSJ0EX4WBMGHbNtK/LUOj+R/wtKrW7cRcBqCzxcWaY=":{"valueMac":{"type":"Buffer","data":"uSniLmUtv15hh8ER+Qystw45aVQI466jvB8px/4di80="}},"zCTs74JCxsGFY57rDdE5rwtV/aRQT48laXyh9rQCqSw=":{"valueMac":{"type":"Buffer","data":"zldEKAAuGMWgowcXQFrqMKeaqXAmtrONhadF81XPNRU="}},"u0gc6/p6bKc4TZkDgkv+9LUt7mIISd3JzRVFmZ6Ux/I=":{"valueMac":{"type":"Buffer","data":"yvxabEZBxuNAtyH1gkZRNmriBLspS3MRBreFVLahNbk="}},"iLuOVron9Ppf2GQ8X1qf5fi21DL5XZTuTmrc1BvSfLg=":{"valueMac":{"type":"Buffer","data":"AX94quMtFvEyACabMI3ZE3C2PsB7RWLs9KDZrhG049w="}},"a1CUuBAg+DlzHNRq2qiHpzWrWh8q/oHyCwIJcjYuaU0=":{"valueMac":{"type":"Buffer","data":"obWltIr9i6szWD4tOOm+qOcthEEpftA2csNQA3j8Qe4="}},"ctT4O3VH7u9WDaMgAEfUYtIhtMF1mW0bahFu5Fo/g1c=":{"valueMac":{"type":"Buffer","data":"T4WxK66npkTF3loasU43AQKGVIrb/2oPTnWup9WeKB4="}},"cA+wo/u/QSzeXdQoMSSbX5WdAvR+rHDtnHVSpCXXapg=":{"valueMac":{"type":"Buffer","data":"XxSQ1NVJ8kGNVoeRqm5wK4qefELUrg93hBexkSLcIuA="}},"8LDHeBecFxAfXy8BZ9L9N+BiIgLQ/jF4V0uf8yTZpDI=":{"valueMac":{"type":"Buffer","data":"6y/26L2NzMXwDVzDtU41cfV69GY3Q6/VrpczgPswOds="}},"iN0vdtm4TwJ7njjZ6OhAeKdPVzP/CwMw8XPMRNHLx88=":{"valueMac":{"type":"Buffer","data":"1UokHTlzJ2uHm4vEoh3Rj/kEW2KjxcBTOFPn9z4lqhA="}},"Pd+Ta+96puYpzn1gVME3uJZCYorSB+/HDUxdMGF7lKY=":{"valueMac":{"type":"Buffer","data":"dnzOwfx6oGz73xdBUrW+eeemoyvLOPYWmPHfT6Txe0A="}},"SqU+s60X0nLZUulvAIx8W/9SPu5xRWTGKzyqmVcsALc=":{"valueMac":{"type":"Buffer","data":"kmwSiTqTwxUMSdeevLPAo9hH3L7LYKcrBRg0qR/1fc0="}},"z1sm4CY34MyNAunWzoIyCdGzuqt1VZX1JOIxxxMw5Z4=":{"valueMac":{"type":"Buffer","data":"YETw4q6wG1MyNFBC1DJxcGOg1vMcA+W4rpWRimhJ7Bc="}},"KAN3ka+4v5oSjgllQQwDfCLc0jXwLVRVNkcBzN3V6p4=":{"valueMac":{"type":"Buffer","data":"OB5YcwhN+Yrors7V6r+NKtPIue2ht9/J5ANPMf5f35U="}},"dsY3GGmoUetzggtJ2QsLgfSFXcogM8KM8ie3Du/FnFI=":{"valueMac":{"type":"Buffer","data":"CizEoCJ/pI9Xo9swbaPNbO0rRrd+bAzs3Krv0QEghNQ="}},"8XxRo4WlNqcIiA+MwNXfSgZmkXWsHp3BhVP5oPKLUPc=":{"valueMac":{"type":"Buffer","data":"Fpzj4PZ/ibFihvsyWZO2g55h+SFMkjojQ70NETpK7I0="}},"5Zi2eYG75Nk6396PGlwJOZgDwGos9+bXhb2ABy+wq+s=":{"valueMac":{"type":"Buffer","data":"04u65QgLsxeN6grb+Eb1ITuMuXvbX8CWDhv9cTEB1fo="}},"KhgVwaWtddEvABpgfgrh5lXi9sD0HOe8UjW8Qk/wiJU=":{"valueMac":{"type":"Buffer","data":"BzMn9jZMc8WacKHfRQgilMXRCgnOixwVjAR3C22Dmv8="}},"ODRtX5BWJ2G6DG1ZssSFwOo4ephqs7DG119GF0ZXwvU=":{"valueMac":{"type":"Buffer","data":"yAcG7Y0GAdDzoMKRlNpxnpLHmdNxYuJIjA4zN1GjkJw="}},"Ih/gvarEJC88CuUJLvK3+6RXFu5RiODlSdLND+HErbI=":{"valueMac":{"type":"Buffer","data":"YOHkadb1QbqpfHlIU8FNhw0uC2sBZgL6RYDadGSdFbg="}},"M56dwGOuLqvbaxlMqJ4Jblpu914asHiza5QIszUkKwU=":{"valueMac":{"type":"Buffer","data":"pyASvnlSWatp1k6ZQG3fa9V0RW3DqgSSOMONoqsuucM="}}}}