{"version":2,"hash":{"type":"Buffer","data":"QaeYIk1Oi4WtoewnFLJMbxKjJpfhtVLdS8VdYukBgBFR0ELNG7ljQZNgLYkf0oBenN6oc93pZCmxC2CE4suq/6NiJTdMf+wzdX0YIlMzoVUietWwgXEBOxHGb/C95Ij6suXM/BXlbsxRhfxje7GGcBzYBT5bXNZsK944lj5lGtk="},"indexValueMap":{"7eNBsHmhbDRRLWv+7nTAZ46ZsuM/+rMShV2gkNKXErI=":{"valueMac":{"type":"Buffer","data":"zqol0b7R7aDliye1nz9suGwqhl3fgQZSQFFleZIFkoM="}},"rowjoyvnhHJ4CUDZ07iRos1BgrehDBUa//6sR4hVxIQ=":{"valueMac":{"type":"Buffer","data":"A+2unSicjrcFW7w4RvMFzS757ravfk2c5PFjwmpuCOY="}},"O8g9skqpHBHl2OjWZb4UBGw9agdMm2VNafyJY4cRbVg=":{"valueMac":{"type":"Buffer","data":"WXZCFWStZ2SrlG2MS1s+p6mLz/3uiguqiDsveTl9n50="}}}}