{"noiseKey":{"private":{"type":"Buffer","data":"sDuFDR9M8M5wgeV/qovg23dUqTBhnTU4FETrxCkZsnk="},"public":{"type":"Buffer","data":"Dr747Pk+k9j2Piz7A4QIpH2TrV5ynoJRSyVomcWgGlY="}},"pairingEphemeralKeyPair":{"private":{"type":"Buffer","data":"OHOIQE0AHTbPrA0fT9cofx0ABuBSpbQPFJCwx5kNZXQ="},"public":{"type":"Buffer","data":"I25389sF/2hy5s/Q+Jbdtc6IlohsjDnXHh5oNa5chA8="}},"signedIdentityKey":{"private":{"type":"Buffer","data":"WOu1Ds1CnFvmjzpI61WS0qNNmQpxideK6FAoX+WcKVU="},"public":{"type":"Buffer","data":"//hj7vcRhB55iJT5RPYUIRJYt+vePRHidfMxThEcmAU="}},"signedPreKey":{"keyPair":{"private":{"type":"Buffer","data":"qDjfw4gtp0uz54pAVJAApz09EnnL8Ulk7dxVYg3KClc="},"public":{"type":"Buffer","data":"65tHg6+NcHQYiMaB60iBEkbBPyckJSjs8ysoY6vLsDk="}},"signature":{"type":"Buffer","data":"DT4RqIsYNCthSQ2ANv7CmpPbZHE2LWs9pt2iwKx1Rkg1iTpl2Rd+4RqeYuI9QxajbSuX0+VPy5B+R9iHh3xqCQ=="},"keyId":1},"registrationId":246,"advSecretKey":"er4TP6yjDOh3U9oHGiAgM+wv2ZBPe+sHGe4ZfXlZizU=","processedHistoryMessages":[{"key":{"remoteJid":"557196825414@s.whatsapp.net","fromMe":true,"id":"3A454C7A4A6E17531FC2"},"messageTimestamp":1707702662},{"key":{"remoteJid":"557196825414@s.whatsapp.net","fromMe":true,"id":"3A33927827E483B7E3A5"},"messageTimestamp":1707702664},{"key":{"remoteJid":"557196825414@s.whatsapp.net","fromMe":true,"id":"3ADADC7A778E5616AACF"},"messageTimestamp":1707702675},{"key":{"remoteJid":"557196825414@s.whatsapp.net","fromMe":true,"id":"3A50A97AC08DD181F2BE"},"messageTimestamp":1707702688},{"key":{"remoteJid":"557196825414@s.whatsapp.net","fromMe":true,"id":"3A66A435AE9F7068816A"},"messageTimestamp":1707702689}],"nextPreKeyId":1,"firstUnuploadedPreKeyId":1,"accountSyncCounter":1,"accountSettings":{"unarchiveChats":false},"deviceId":"xTUeYxISSbaKC9MM1icnHg","phoneId":"1b18e071-7877-4797-9136-b51b3b701a98","identityId":{"type":"Buffer","data":"ljpt0BChGEJ4bwHs+Dbrh8ehoSM="},"registered":true,"backupToken":{"type":"Buffer","data":"arhpXvUFU5xWVHoP+9VzK/fKICc="},"registration":{},"pairingCode":"JYQNGK4S","me":{"id":"557196825414:76@s.whatsapp.net","name":"."},"account":{"details":"CLmN/T0QgfOlrgYYASAAKAA=","accountSignatureKey":"vY0A9moQBsth7Z4sVLoPQlPzD6nc4sleffTwyiiVOAM=","accountSignature":"1YfkSALTkRHr0o+fUpKXJhsnpWN7Kw0IU55NIftUn9qy6wgiQLw3wpGCBbPpZ4sAfWE1KtnNVf/Z4QZEwSv8BQ==","deviceSignature":"JKU/Q1/u7crcNshDKvRgrkdUDPCx1sv6mtI9FJaku+Astkonoo/VfddQmy8oF0QowAOzETr1EUmzyjggOHF5Cw=="},"signalIdentities":[{"identifier":{"name":"557196825414:76@s.whatsapp.net","deviceId":0},"identifierKey":{"type":"Buffer","data":"Bb2NAPZqEAbLYe2eLFS6D0JT8w+p3OLJXn308MoolTgD"}}],"platform":"iphone","lastAccountSyncTimestamp":1707702660,"myAppStateKeyId":"AAAAAJzm"}