{"_sessions":{"BUGyji5qyd9KKf3iOy6a+R99uUS9U7wQLVCDZDEe5d4H":{"registrationId":589893633,"currentRatchet":{"ephemeralKeyPair":{"pubKey":"BV71HyF/wcq6dVg1CLqeox3lVBzTdNRT3pQsgnZ5HZZn","privKey":"ELzzKMtQyHuQKDA5LkOfi9vyr6uUK3d+5pC6IfVu2kg="},"lastRemoteEphemeralKey":"BQ2b9MHzvpAWke/GZFHAdrPEGMNm4u8dYTlmqX744Rss","previousCounter":16,"rootKey":"+3ZZmuoP4JG9f+OzaH313wRBD4vSeMcyUYrRQMTj7bM="},"indexInfo":{"baseKey":"BUGyji5qyd9KKf3iOy6a+R99uUS9U7wQLVCDZDEe5d4H","baseKeyType":1,"closed":-1,"used":1707703405442,"created":1707702858372,"remoteIdentityKey":"BYECfDJG63gOS6H7tu+5LcJ6WV0JCMwsSQ0W/JFfb+wA"},"_chains":{"BXEK5Go96Ri/wCgegO+E0ZgYWvaze5K4G1YMvgFqGtIn":{"chainKey":{"counter":0},"chainType":2,"messageKeys":{}},"Baql76KkctxccE/tLXjHa5NQv5bdWzou5r5hjpP8+94s":{"chainKey":{"counter":1},"chainType":2,"messageKeys":{}},"BbkSog+ZlhzwBOjqPzyzi5WyN2EUNvXCOPVW9n2zUBEu":{"chainKey":{"counter":6},"chainType":2,"messageKeys":{}},"BYu+nZdq3voLCfY9qEtkTw75A1EbRDC7IAiRBH29zsoC":{"chainKey":{"counter":2},"chainType":2,"messageKeys":{}},"BQ2b9MHzvpAWke/GZFHAdrPEGMNm4u8dYTlmqX744Rss":{"chainKey":{"counter":2,"key":"sIfU08SBsF24siEdAr/1BMfvVUapX8GaSc6Gsf0NDlI="},"chainType":2,"messageKeys":{}},"BV71HyF/wcq6dVg1CLqeox3lVBzTdNRT3pQsgnZ5HZZn":{"chainKey":{"counter":-1,"key":"F1M0985h2qqw62lyL2wTX4C8/t0g1d2rVrJkZuoY/z8="},"chainType":1,"messageKeys":{}}}}},"version":"v1"}