{"_sessions":{"BZk8xSQX9BZsWYYJblqXQyI0ZV0lj+ZQzVqTMVGTnFAA":{"registrationId":385262745,"currentRatchet":{"ephemeralKeyPair":{"pubKey":"BQaMHVPF408aEV/yMEBUFt+yRycpciMTHyCaGaycM+VP","privKey":"QI81OaMVtEzYFgUH1JNlxyaGFrHW4QCVXOT6Av3oUWI="},"lastRemoteEphemeralKey":"BYMrgbfg54P0vk5Md7AK2jyn849W+fqkD/z141s1729p","previousCounter":0,"rootKey":"pzSID/CPnlfIFwoulXrUYXtQj9kQ4KTT/B97m7l3wV4="},"indexInfo":{"baseKey":"BZk8xSQX9BZsWYYJblqXQyI0ZV0lj+ZQzVqTMVGTnFAA","baseKeyType":1,"closed":-1,"used":1707702672633,"created":1707702672633,"remoteIdentityKey":"BTXQu45XY1rYptcwhwI1XIuhlyq197YDExK5VB0eiK1x"},"_chains":{"BQaMHVPF408aEV/yMEBUFt+yRycpciMTHyCaGaycM+VP":{"chainKey":{"counter":0,"key":"z2rt5dLUxONz87bfpYC8eLg7/qpVNwR9XP3yREEMjr0="},"chainType":1,"messageKeys":{}}},"pendingPreKey":{"signedKeyId":16634930,"baseKey":"BZk8xSQX9BZsWYYJblqXQyI0ZV0lj+ZQzVqTMVGTnFAA","preKeyId":745}}},"version":"v1"}