{"_sessions":{"BRStPVwoPPAxN0Qwgjv6PlZ7hszemmW9T+AbbjMREkh9":{"registrationId":1075808453,"currentRatchet":{"ephemeralKeyPair":{"pubKey":"BZuHTioZKzhwydA7vTmuR9FDK5wCNiz98hn4ZI1HACFB","privKey":"AL36MWzosMfeldO/Qoded0Ak+c0u4/R24ojXfX7kDm8="},"lastRemoteEphemeralKey":"BchuaqTB+JVwbEdhcPKX9aTlg86fvX89ocPTPXpsP3Fd","previousCounter":15,"rootKey":"lQUwKp8cBo21oZfvJ7/ClxmK3x0nqjip7GO7syINqqA="},"indexInfo":{"baseKey":"BRStPVwoPPAxN0Qwgjv6PlZ7hszemmW9T+AbbjMREkh9","baseKeyType":2,"closed":-1,"used":1707703354838,"created":1707702660559,"remoteIdentityKey":"Bb2NAPZqEAbLYe2eLFS6D0JT8w+p3OLJXn308MoolTgD"},"_chains":{"Bf3ACb7h376q6ywAXwJcXwG5zdD6fxCavkwgutwoDVUD":{"chainKey":{"counter":6},"chainType":2,"messageKeys":{}},"BXlYFPLWLKjIQRcufGwfL24xFcEnwCfiWFRXrVMQVQVT":{"chainKey":{"counter":3},"chainType":2,"messageKeys":{}},"Bd12GNlcNJMW0kb1/F53EgD5nn/4SUoiCSZw48xwadp1":{"chainKey":{"counter":0},"chainType":2,"messageKeys":{}},"BUgvlIcYbXQn9v6kU5AWnYsFWlLSx4iCPBMMcT+OgXJT":{"chainKey":{"counter":0},"chainType":2,"messageKeys":{}},"BYa/MwEilCBcbSfEGpP6rqNjsTe+r6gqFYABFDfW5XBf":{"chainKey":{"counter":1},"chainType":2,"messageKeys":{}},"BXBde7numRSKOLDRSfbCi9he+DgZ1RdaIyrAkDU4H8AX":{"chainKey":{"counter":0},"chainType":2,"messageKeys":{}},"BYsELwm7H+AeXE+fhGvm90HuCr5IgLtiAwlJ0sragoQl":{"chainKey":{"counter":0},"chainType":2,"messageKeys":{}},"BSUsDTA8inqZ1kc1HwWfyb6YYv1dUDxmltzcu84WKqxD":{"chainKey":{"counter":0},"chainType":2,"messageKeys":{}},"Bcrczxo+kRO0cVt51N1MaPaXV0lnABLmGzxsXOEShBxq":{"chainKey":{"counter":0},"chainType":2,"messageKeys":{}},"BforIZHXs6QxKLKGotN5OGmDCjTMpz7hRvIpIKejLmpr":{"chainKey":{"counter":0},"chainType":2,"messageKeys":{}},"BRkkE7UQrdVUha4s1kps1a1M27vh6V5p+CPKIeMXfQ8Z":{"chainKey":{"counter":4},"chainType":2,"messageKeys":{}},"BVkjWoBQUdSISXQYVXIuWHyeyJ1qamBjlsP6d7/uNcIb":{"chainKey":{"counter":0},"chainType":2,"messageKeys":{}},"BWkP0dov3kkYdpLDN5CsZ1GxqicqKgN214p+1mwvoThY":{"chainKey":{"counter":6},"chainType":2,"messageKeys":{}},"BcbN9jxYZQlsRc0niVl6rJvlHpK0E+EPXqix1ER7DAcR":{"chainKey":{"counter":0},"chainType":2,"messageKeys":{}},"BchuaqTB+JVwbEdhcPKX9aTlg86fvX89ocPTPXpsP3Fd":{"chainKey":{"counter":5,"key":"EdgqJL68c2FV4DeNOjOgaZbEvuScIg36QVDWTGHsyuY="},"chainType":2,"messageKeys":{}},"BZuHTioZKzhwydA7vTmuR9FDK5wCNiz98hn4ZI1HACFB":{"chainKey":{"counter":-1,"key":"eHNWbd/iQJWdh/A6792S8PqNYoRjtbo+6VU/FFDfJjc="},"chainType":1,"messageKeys":{}}}}},"version":"v1"}